<?xml version="1.0" encoding="UTF-8"?>
<?xml version="1.0" encoding="UTF-8"?>
<tweet>
	<_id>570dbe8b0faebdf60e194996</_id>
	<created_at>Wed Apr 13 03:35:39 +0000 2016</created_at>
	<id>720093061104156700</id>
	<id_str>720093061104156673</id_str>
	<text>RT @WORLDSTARVlNE: TO ALL GIRLS THAT USE THE DOG FILTER ON SNAPCHAT: https://t.co/NIigvmbsqj</text>
	<source>&lt;a href=&quot;http://twitter.com/download/iphone&quot; rel=&quot;nofollow&quot;&gt;Twitter for iPhone&lt;/a&gt;</source>
	<truncated>false</truncated>
	<in_reply_to_status_id></in_reply_to_status_id>
	<in_reply_to_status_id_str></in_reply_to_status_id_str>
	<in_reply_to_user_id></in_reply_to_user_id>
	<in_reply_to_user_id_str></in_reply_to_user_id_str>
	<in_reply_to_screen_name></in_reply_to_screen_name>
	<user>
		<id>3708791473</id>
		<id_str>3708791473</id_str>
		<name>A$VP Bally</name>
		<screen_name>___cally</screen_name>
		<location>camp flog gnaw</location>
		<url>https://twitter.com/kaayfour/status/709445816792932352</url>
		<description>♍️.17.{KBG IV❤️} dreams of me gettin shaded under a money tree</description>
		<protected>false</protected>
		<verified>false</verified>
		<followers_count>453</followers_count>
		<friends_count>369</friends_count>
		<listed_count>0</listed_count>
		<favourites_count>2708</favourites_count>
		<statuses_count>6245</statuses_count>
		<created_at>Sun Sep 27 23:40:55 +0000 2015</created_at>
		<utc_offset></utc_offset>
		<time_zone></time_zone>
		<geo_enabled>true</geo_enabled>
		<lang>en</lang>
		<contributors_enabled>false</contributors_enabled>
		<is_translator>false</is_translator>
		<profile_background_color>C0DEED</profile_background_color>
		<profile_background_image_url>http://abs.twimg.com/images/themes/theme1/bg.png</profile_background_image_url>
		<profile_background_image_url_https>https://abs.twimg.com/images/themes/theme1/bg.png</profile_background_image_url_https>
		<profile_background_tile>false</profile_background_tile>
		<profile_link_color>0084B4</profile_link_color>
		<profile_sidebar_border_color>C0DEED</profile_sidebar_border_color>
		<profile_sidebar_fill_color>DDEEF6</profile_sidebar_fill_color>
		<profile_text_color>333333</profile_text_color>
		<profile_use_background_image>true</profile_use_background_image>
		<profile_image_url>http://pbs.twimg.com/profile_images/715613126150856704/lkA1AmA7_normal.jpg</profile_image_url>
		<profile_image_url_https>https://pbs.twimg.com/profile_images/715613126150856704/lkA1AmA7_normal.jpg</profile_image_url_https>
		<profile_banner_url>https://pbs.twimg.com/profile_banners/3708791473/1460387868</profile_banner_url>
		<default_profile>true</default_profile>
		<default_profile_image>false</default_profile_image>
		<following></following>
		<follow_request_sent></follow_request_sent>
		<notifications></notifications>
	</user>
	<geo></geo>
	<coordinates></coordinates>
	<place></place>
	<contributors></contributors>
	<retweeted_status>
		<created_at>Mon Apr 11 18:17:58 +0000 2016</created_at>
		<id>719590329809121300</id>
		<id_str>719590329809121280</id_str>
		<text>TO ALL GIRLS THAT USE THE DOG FILTER ON SNAPCHAT: https://t.co/NIigvmbsqj</text>
		<source>&lt;a href=&quot;http://twitter.com/download/iphone&quot; rel=&quot;nofollow&quot;&gt;Twitter for iPhone&lt;/a&gt;</source>
		<truncated>false</truncated>
		<in_reply_to_status_id></in_reply_to_status_id>
		<in_reply_to_status_id_str></in_reply_to_status_id_str>
		<in_reply_to_user_id></in_reply_to_user_id>
		<in_reply_to_user_id_str></in_reply_to_user_id_str>
		<in_reply_to_screen_name></in_reply_to_screen_name>
		<user>
			<id>1204567627</id>
			<id_str>1204567627</id_str>
			<name>WSHH FANS</name>
			<screen_name>WORLDSTARVlNE</screen_name>
			<location></location>
			<url></url>
			<description>NOT Affiliated With @WORLDSTAR or Vine and We Do NOT Own The Media That Is Posted. *Parody Account* 18+ Content</description>
			<protected>false</protected>
			<verified>false</verified>
			<followers_count>294374</followers_count>
			<friends_count>197</friends_count>
			<listed_count>228</listed_count>
			<favourites_count>263</favourites_count>
			<statuses_count>9330</statuses_count>
			<created_at>Thu Feb 21 12:42:18 +0000 2013</created_at>
			<utc_offset>-36000</utc_offset>
			<time_zone>Hawaii</time_zone>
			<geo_enabled>false</geo_enabled>
			<lang>en</lang>
			<contributors_enabled>false</contributors_enabled>
			<is_translator>false</is_translator>
			<profile_background_color>000000</profile_background_color>
			<profile_background_image_url>http://pbs.twimg.com/profile_background_images/378800000119212359/dd48443da36334dd63bece1ce1eda5b4.png</profile_background_image_url>
			<profile_background_image_url_https>https://pbs.twimg.com/profile_background_images/378800000119212359/dd48443da36334dd63bece1ce1eda5b4.png</profile_background_image_url_https>
			<profile_background_tile>false</profile_background_tile>
			<profile_link_color>CF0404</profile_link_color>
			<profile_sidebar_border_color>000000</profile_sidebar_border_color>
			<profile_sidebar_fill_color>DDEEF6</profile_sidebar_fill_color>
			<profile_text_color>333333</profile_text_color>
			<profile_use_background_image>false</profile_use_background_image>
			<profile_image_url>http://pbs.twimg.com/profile_images/685982790173605888/ixvSu_Y5_normal.jpg</profile_image_url>
			<profile_image_url_https>https://pbs.twimg.com/profile_images/685982790173605888/ixvSu_Y5_normal.jpg</profile_image_url_https>
			<profile_banner_url>https://pbs.twimg.com/profile_banners/1204567627/1401279374</profile_banner_url>
			<default_profile>false</default_profile>
			<default_profile_image>false</default_profile_image>
			<following></following>
			<follow_request_sent></follow_request_sent>
			<notifications></notifications>
		</user>
		<geo></geo>
		<coordinates></coordinates>
		<place></place>
		<contributors></contributors>
		<is_quote_status>false</is_quote_status>
		<retweet_count>1410</retweet_count>
		<favorite_count>2033</favorite_count>
		<entities>
			<urls>
				<url>https://t.co/NIigvmbsqj</url>
				<expanded_url>https://amp.twimg.com/v/c9546b36-6f65-447f-9f45-e6f136f061db</expanded_url>
				<display_url>amp.twimg.com/v/c9546b36-6f6…</display_url>
				<indices>50</indices>
				<indices>73</indices>
			</urls>
		</entities>
		<favorited>false</favorited>
		<retweeted>false</retweeted>
		<possibly_sensitive>true</possibly_sensitive>
		<filter_level>low</filter_level>
		<lang>en</lang>
	</retweeted_status>
	<is_quote_status>false</is_quote_status>
	<retweet_count>0</retweet_count>
	<favorite_count>0</favorite_count>
	<entities>
		<urls>
			<url>https://t.co/NIigvmbsqj</url>
			<expanded_url>https://amp.twimg.com/v/c9546b36-6f65-447f-9f45-e6f136f061db</expanded_url>
			<display_url>amp.twimg.com/v/c9546b36-6f6…</display_url>
			<indices>69</indices>
			<indices>92</indices>
		</urls>
		<user_mentions>
			<screen_name>WORLDSTARVlNE</screen_name>
			<name>WSHH FANS</name>
			<id>1204567627</id>
			<id_str>1204567627</id_str>
			<indices>3</indices>
			<indices>17</indices>
		</user_mentions>
	</entities>
	<favorited>false</favorited>
	<retweeted>false</retweeted>
	<possibly_sensitive>false</possibly_sensitive>
	<filter_level>low</filter_level>
	<lang>en</lang>
	<timestamp_ms>1460518539106</timestamp_ms>
</tweet>