[{"created_at":"Wed Apr 13 01:26:54 +0000 2016","id":720060661460557800,"id_str":"720060661460557824","text":"@tyrax20 foreal. Lol y'all look just alike","source":"<a href=\"http://twitter.com/download/iphone\" rel=\"nofollow\">Twitter for iPhone</a>","truncated":false,"in_reply_to_status_id":720060271503544300,"in_reply_to_status_id_str":"720060271503544320","in_reply_to_user_id":1187285802,"in_reply_to_user_id_str":"1187285802","in_reply_to_screen_name":"tyrax20","user":{"id":349676086,"id_str":"349676086","name":"Ty Glizzy","screen_name":"1yungwilson","location":"Uptown, Norfolk","url":null,"description":"Sometimes you just got to say Fuck em' and make yah move | VCU","protected":false,"verified":false,"followers_count":1484,"friends_count":871,"listed_count":25,"favourites_count":1679,"statuses_count":76337,"created_at":"Sat Aug 06 14:13:50 +0000 2011","utc_offset":-14400,"time_zone":"Eastern Time (US & Canada)","geo_enabled":true,"lang":"en","contributors_enabled":false,"is_translator":false,"profile_background_color":"101314","profile_background_image_url":"http://pbs.twimg.com/profile_background_images/632429795/oii6997ljo2wuoovhnf7.jpeg","profile_background_image_url_https":"https://pbs.twimg.com/profile_background_images/632429795/oii6997ljo2wuoovhnf7.jpeg","profile_background_tile":true,"profile_link_color":"04A0D9","profile_sidebar_border_color":"02070A","profile_sidebar_fill_color":"070C0F","profile_text_color":"735C5F","profile_use_background_image":true,"profile_image_url":"http://pbs.twimg.com/profile_images/700545976117776384/gZLz3Hai_normal.jpg","profile_image_url_https":"https://pbs.twimg.com/profile_images/700545976117776384/gZLz3Hai_normal.jpg","profile_banner_url":"https://pbs.twimg.com/profile_banners/349676086/1454059916","default_profile":false,"default_profile_image":false,"following":null,"follow_request_sent":null,"notifications":null},"geo":null,"coordinates":null,"place":null,"contributors":null,"is_quote_status":false,"retweet_count":0,"favorite_count":0,"entities":{"hashtags":[],"urls":[],"user_mentions":[{"screen_name":"tyrax20","name":"tyra b","id":1187285802,"id_str":"1187285802","indices":[0,8]}],"symbols":[]},"favorited":false,"retweeted":false,"filter_level":"low","lang":"en","timestamp_ms":"1460510814429"},{"created_at":"Wed Apr 13 01:26:54 +0000 2016","id":720060661762494500,"id_str":"720060661762494465","text":"Pew lol","source":"<a href=\"http://twitter.com/download/iphone\" rel=\"nofollow\">Twitter for iPhone</a>","truncated":false,"in_reply_to_status_id":null,"in_reply_to_status_id_str":null,"in_reply_to_user_id":null,"in_reply_to_user_id_str":null,"in_reply_to_screen_name":null,"user":{"id":4724786777,"id_str":"4724786777","name":"YAMuel L. Jackson","screen_name":"iSmashedYoBihh","location":"Murrrland ","url":null,"description":"Ballerina smart but my sex like art...","protected":false,"verified":false,"followers_count":223,"friends_count":140,"listed_count":11,"favourites_count":372,"statuses_count":12185,"created_at":"Wed Jan 06 12:57:21 +0000 2016","utc_offset":-25200,"time_zone":"Pacific Time (US & Canada)","geo_enabled":false,"lang":"en","contributors_enabled":false,"is_translator":false,"profile_background_color":"F5F8FA","profile_background_image_url":"","profile_background_image_url_https":"","profile_background_tile":false,"profile_link_color":"2B7BB9","profile_sidebar_border_color":"C0DEED","profile_sidebar_fill_color":"DDEEF6","profile_text_color":"333333","profile_use_background_image":true,"profile_image_url":"http://pbs.twimg.com/profile_images/712800568947957760/POuOvp72_normal.jpg","profile_image_url_https":"https://pbs.twimg.com/profile_images/712800568947957760/POuOvp72_normal.jpg","profile_banner_url":"https://pbs.twimg.com/profile_banners/4724786777/1453844361","default_profile":true,"default_profile_image":false,"following":null,"follow_request_sent":null,"notifications":null},"geo":null,"coordinates":null,"place":null,"contributors":null,"is_quote_status":false,"retweet_count":0,"favorite_count":0,"entities":{"hashtags":[],"urls":[],"user_mentions":[],"symbols":[]},"favorited":false,"retweeted":false,"filter_level":"low","lang":"ht","timestamp_ms":"1460510814501"},{"created_at":"Wed Apr 13 01:26:54 +0000 2016","id":720060662374916100,"id_str":"720060662374916096","text":"@shameaaaa lol damn dude I'm playin don't take it to heart FaceTime me tho I gotta tell you something !","source":"<a href=\"http://twitter.com/download/iphone\" rel=\"nofollow\">Twitter for iPhone</a>","truncated":false,"in_reply_to_status_id":720060434024239100,"in_reply_to_status_id_str":"720060434024239104","in_reply_to_user_id":4020247601,"in_reply_to_user_id_str":"4020247601","in_reply_to_screen_name":"shameaaaa","user":{"id":4889608245,"id_str":"4889608245","name":"Eli","screen_name":"gmg_eli","location":"SE","url":null,"description":"#TLR ....New Twitter","protected":false,"verified":false,"followers_count":204,"friends_count":175,"listed_count":1,"favourites_count":310,"statuses_count":480,"created_at":"Mon Feb 08 20:23:27 +0000 2016","utc_offset":null,"time_zone":null,"geo_enabled":false,"lang":"en","contributors_enabled":false,"is_translator":false,"profile_background_color":"000000","profile_background_image_url":"http://abs.twimg.com/images/themes/theme1/bg.png","profile_background_image_url_https":"https://abs.twimg.com/images/themes/theme1/bg.png","profile_background_tile":false,"profile_link_color":"FAB81E","profile_sidebar_border_color":"000000","profile_sidebar_fill_color":"000000","profile_text_color":"000000","profile_use_background_image":false,"profile_image_url":"http://pbs.twimg.com/profile_images/718697886595219457/Ediqhm8M_normal.jpg","profile_image_url_https":"https://pbs.twimg.com/profile_images/718697886595219457/Ediqhm8M_normal.jpg","default_profile":false,"default_profile_image":false,"following":null,"follow_request_sent":null,"notifications":null},"geo":null,"coordinates":null,"place":null,"contributors":null,"is_quote_status":false,"retweet_count":0,"favorite_count":0,"entities":{"hashtags":[],"urls":[],"user_mentions":[{"screen_name":"shameaaaa","name":"lulmea.","id":4020247601,"id_str":"4020247601","indices":[0,10]}],"symbols":[]},"favorited":false,"retweeted":false,"filter_level":"low","lang":"en","timestamp_ms":"1460510814647"},{"created_at":"Wed Apr 13 01:26:54 +0000 2016","id":720060661691076600,"id_str":"720060661691076613","text":"Lol didn't know what innisfree was and I've been using the paperbag tht I randomly found in my house to carry my bekal to work","source":"<a href=\"http://twitter.com/download/android\" rel=\"nofollow\">Twitter for Android</a>","truncated":false,"in_reply_to_status_id":null,"in_reply_to_status_id_str":null,"in_reply_to_user_id":null,"in_reply_to_user_id_str":null,"in_reply_to_screen_name":null,"user":{"id":271370864,"id_str":"271370864","name":"E'in Nadh","screen_name":"_109TH","location":"Popular Singapore","url":"http://1friend120books.blogspot.sg","description":"Books MRTs Popular","protected":false,"verified":false,"followers_count":305,"friends_count":299,"listed_count":3,"favourites_count":2075,"statuses_count":56290,"created_at":"Thu Mar 24 11:11:45 +0000 2011","utc_offset":28800,"time_zone":"Singapore","geo_enabled":true,"lang":"en","contributors_enabled":false,"is_translator":false,"profile_background_color":"000000","profile_background_image_url":"http://pbs.twimg.com/profile_background_images/696853046/0f42fff24327bdfd4d1c84efa1b75f8a.png","profile_background_image_url_https":"https://pbs.twimg.com/profile_background_images/696853046/0f42fff24327bdfd4d1c84efa1b75f8a.png","profile_background_tile":true,"profile_link_color":"F01FF0","profile_sidebar_border_color":"FFFFFF","profile_sidebar_fill_color":"403645","profile_text_color":"000000","profile_use_background_image":true,"profile_image_url":"http://pbs.twimg.com/profile_images/715902191177846786/J2j_U6MG_normal.jpg","profile_image_url_https":"https://pbs.twimg.com/profile_images/715902191177846786/J2j_U6MG_normal.jpg","profile_banner_url":"https://pbs.twimg.com/profile_banners/271370864/1443258958","default_profile":false,"default_profile_image":false,"following":null,"follow_request_sent":null,"notifications":null},"geo":null,"coordinates":null,"place":null,"contributors":null,"is_quote_status":false,"retweet_count":0,"favorite_count":0,"entities":{"hashtags":[],"urls":[],"user_mentions":[],"symbols":[]},"favorited":false,"retweeted":false,"filter_level":"low","lang":"en","timestamp_ms":"1460510814484"},{"created_at":"Wed Apr 13 01:26:54 +0000 2016","id":720060662790144000,"id_str":"720060662790144000","text":"Do I should okay? LOL #jarofhearts #yas #christina #perry #glee #cover #though #yas #song… https://t.co/wOpWaa97rH","source":"<a href=\"http://instagram.com\" rel=\"nofollow\">Instagram</a>","truncated":false,"in_reply_to_status_id":null,"in_reply_to_status_id_str":null,"in_reply_to_user_id":null,"in_reply_to_user_id_str":null,"in_reply_to_screen_name":null,"user":{"id":2646589099,"id_str":"2646589099","name":"Lexi Ramos","screen_name":"KittenDown","location":null,"url":null,"description":"I love singing and I cant wait to audition for the voice, july 19th. I am a HUGE Adam Lambert fan. I will meet him one day, hopefuly ♥. One day.","protected":false,"verified":false,"followers_count":29,"friends_count":98,"listed_count":1,"favourites_count":5,"statuses_count":21,"created_at":"Tue Jul 15 00:12:06 +0000 2014","utc_offset":null,"time_zone":null,"geo_enabled":false,"lang":"en","contributors_enabled":false,"is_translator":false,"profile_background_color":"C0DEED","profile_background_image_url":"http://pbs.twimg.com/profile_background_images/599396477253722112/sQGNiYiw.jpg","profile_background_image_url_https":"https://pbs.twimg.com/profile_background_images/599396477253722112/sQGNiYiw.jpg","profile_background_tile":true,"profile_link_color":"3B94D9","profile_sidebar_border_color":"FFFFFF","profile_sidebar_fill_color":"DDEEF6","profile_text_color":"333333","profile_use_background_image":true,"profile_image_url":"http://pbs.twimg.com/profile_images/662541341096722433/RoGMQYC2_normal.jpg","profile_image_url_https":"https://pbs.twimg.com/profile_images/662541341096722433/RoGMQYC2_normal.jpg","profile_banner_url":"https://pbs.twimg.com/profile_banners/2646589099/1431740455","default_profile":false,"default_profile_image":false,"following":null,"follow_request_sent":null,"notifications":null},"geo":null,"coordinates":null,"place":null,"contributors":null,"is_quote_status":false,"retweet_count":0,"favorite_count":0,"entities":{"hashtags":[{"text":"jarofhearts","indices":[22,34]},{"text":"yas","indices":[35,39]},{"text":"christina","indices":[40,50]},{"text":"perry","indices":[51,57]},{"text":"glee","indices":[58,63]},{"text":"cover","indices":[64,70]},{"text":"though","indices":[71,78]},{"text":"yas","indices":[79,83]},{"text":"song","indices":[84,89]}],"urls":[{"url":"https://t.co/wOpWaa97rH","expanded_url":"https://www.instagram.com/p/BEHt6DcSRui/","display_url":"instagram.com/p/BEHt6DcSRui/","indices":[91,114]}],"user_mentions":[],"symbols":[]},"favorited":false,"retweeted":false,"possibly_sensitive":false,"filter_level":"low","lang":"en","timestamp_ms":"1460510814746"},{"created_at":"Wed Apr 13 01:26:54 +0000 2016","id":720060662895009800,"id_str":"720060662895009793","text":"I thought I was the worst texter.. Lol I was proved wrong","source":"<a href=\"http://twitter.com/#!/download/ipad\" rel=\"nofollow\">Twitter for iPad</a>","truncated":false,"in_reply_to_status_id":null,"in_reply_to_status_id_str":null,"in_reply_to_user_id":null,"in_reply_to_user_id_str":null,"in_reply_to_screen_name":null,"user":{"id":1041151998,"id_str":"1041151998","name":"DeeboGasol☔️","screen_name":"deebo_865","location":"865 DEEBOBLVD","url":"http://www.hudl.com/athlete/2691068/highlights/201314375","description":"☔️ #VFL JALEN JACKSON IS MY BROTHER  ☔️ #LOCAL #SAUCESTAR ☔️⭐️","protected":false,"verified":false,"followers_count":1915,"friends_count":1338,"listed_count":18,"favourites_count":69172,"statuses_count":35799,"created_at":"Fri Dec 28 02:47:30 +0000 2012","utc_offset":-14400,"time_zone":"Eastern Time (US & Canada)","geo_enabled":true,"lang":"en","contributors_enabled":false,"is_translator":false,"profile_background_color":"6F7578","profile_background_image_url":"http://pbs.twimg.com/profile_background_images/532354801921585152/zhXgKrOD.jpeg","profile_background_image_url_https":"https://pbs.twimg.com/profile_background_images/532354801921585152/zhXgKrOD.jpeg","profile_background_tile":true,"profile_link_color":"DD2E44","profile_sidebar_border_color":"000000","profile_sidebar_fill_color":"DDEEF6","profile_text_color":"333333","profile_use_background_image":true,"profile_image_url":"http://pbs.twimg.com/profile_images/719737177115082752/VE8ghoPf_normal.jpg","profile_image_url_https":"https://pbs.twimg.com/profile_images/719737177115082752/VE8ghoPf_normal.jpg","profile_banner_url":"https://pbs.twimg.com/profile_banners/1041151998/1458666178","default_profile":false,"default_profile_image":false,"following":null,"follow_request_sent":null,"notifications":null},"geo":null,"coordinates":null,"place":null,"contributors":null,"is_quote_status":false,"retweet_count":0,"favorite_count":0,"entities":{"hashtags":[],"urls":[],"user_mentions":[],"symbols":[]},"favorited":false,"retweeted":false,"filter_level":"low","lang":"en","timestamp_ms":"1460510814771"},{"created_at":"Wed Apr 13 01:26:54 +0000 2016","id":720060663230525400,"id_str":"720060663230525440","text":"RT @NonProphet_: I'm weak. Lol https://t.co/0AnzUzKJkD","source":"<a href=\"http://twitter.com/download/iphone\" rel=\"nofollow\">Twitter for iPhone</a>","truncated":false,"in_reply_to_status_id":null,"in_reply_to_status_id_str":null,"in_reply_to_user_id":null,"in_reply_to_user_id_str":null,"in_reply_to_screen_name":null,"user":{"id":46689215,"id_str":"46689215","name":"Shay♡","screen_name":"BrownBunnii","location":null,"url":"http://Faith.Hope.Love","description":"God. Faith. Hope. Love. ODU.                      IG:Shaylolabugg SC:Brownbunii","protected":false,"verified":false,"followers_count":182,"friends_count":92,"listed_count":0,"favourites_count":4821,"statuses_count":24824,"created_at":"Fri Jun 12 16:33:15 +0000 2009","utc_offset":-18000,"time_zone":"Central Time (US & Canada)","geo_enabled":true,"lang":"en","contributors_enabled":false,"is_translator":false,"profile_background_color":"DADDC0","profile_background_image_url":"http://pbs.twimg.com/profile_background_images/602629265/xc7055764a0f64d1c392a9634050cae6.jpg","profile_background_image_url_https":"https://pbs.twimg.com/profile_background_images/602629265/xc7055764a0f64d1c392a9634050cae6.jpg","profile_background_tile":false,"profile_link_color":"877F63","profile_sidebar_border_color":"2E594F","profile_sidebar_fill_color":"453D22","profile_text_color":"FB5262","profile_use_background_image":true,"profile_image_url":"http://pbs.twimg.com/profile_images/717424746619650048/uyMhgjjN_normal.jpg","profile_image_url_https":"https://pbs.twimg.com/profile_images/717424746619650048/uyMhgjjN_normal.jpg","profile_banner_url":"https://pbs.twimg.com/profile_banners/46689215/1457613413","default_profile":false,"default_profile_image":false,"following":null,"follow_request_sent":null,"notifications":null},"geo":null,"coordinates":null,"place":null,"contributors":null,"retweeted_status":{"created_at":"Tue Apr 12 17:23:48 +0000 2016","id":719939085318688800,"id_str":"719939085318688768","text":"I'm weak. Lol https://t.co/0AnzUzKJkD","source":"<a href=\"http://twitter.com/download/iphone\" rel=\"nofollow\">Twitter for iPhone</a>","truncated":false,"in_reply_to_status_id":null,"in_reply_to_status_id_str":null,"in_reply_to_user_id":null,"in_reply_to_user_id_str":null,"in_reply_to_screen_name":null,"user":{"id":3192720511,"id_str":"3192720511","name":"Debatable","screen_name":"NonProphet_","location":null,"url":"https://youtu.be/tEsfTjrbk7c","description":"I talk about Jesus sometimes. #OU17 #ζαγψ #AnS","protected":false,"verified":false,"followers_count":2024,"friends_count":1447,"listed_count":11,"favourites_count":770,"statuses_count":23774,"created_at":"Tue May 12 01:53:55 +0000 2015","utc_offset":-25200,"time_zone":"Pacific Time (US & Canada)","geo_enabled":true,"lang":"en","contributors_enabled":false,"is_translator":false,"profile_background_color":"C0DEED","profile_background_image_url":"http://abs.twimg.com/images/themes/theme1/bg.png","profile_background_image_url_https":"https://abs.twimg.com/images/themes/theme1/bg.png","profile_background_tile":false,"profile_link_color":"0084B4","profile_sidebar_border_color":"C0DEED","profile_sidebar_fill_color":"DDEEF6","profile_text_color":"333333","profile_use_background_image":true,"profile_image_url":"http://pbs.twimg.com/profile_images/719737620146823168/E1EhTdZ3_normal.jpg","profile_image_url_https":"https://pbs.twimg.com/profile_images/719737620146823168/E1EhTdZ3_normal.jpg","profile_banner_url":"https://pbs.twimg.com/profile_banners/3192720511/1459094397","default_profile":true,"default_profile_image":false,"following":null,"follow_request_sent":null,"notifications":null},"geo":null,"coordinates":null,"place":null,"contributors":null,"is_quote_status":false,"retweet_count":219,"favorite_count":141,"entities":{"hashtags":[],"urls":[],"user_mentions":[],"symbols":[],"media":[{"id":719939082495856600,"id_str":"719939082495856641","indices":[14,37],"media_url":"http://pbs.twimg.com/media/Cf28x_gWEAEjGMp.jpg","media_url_https":"https://pbs.twimg.com/media/Cf28x_gWEAEjGMp.jpg","url":"https://t.co/0AnzUzKJkD","display_url":"pic.twitter.com/0AnzUzKJkD","expanded_url":"http://twitter.com/NonProphet_/status/719939085318688768/photo/1","type":"photo","sizes":{"thumb":{"w":150,"h":150,"resize":"crop"},"small":{"w":340,"h":246,"resize":"fit"},"medium":{"w":388,"h":281,"resize":"fit"},"large":{"w":388,"h":281,"resize":"fit"}}}]},"extended_entities":{"media":[{"id":719939082495856600,"id_str":"719939082495856641","indices":[14,37],"media_url":"http://pbs.twimg.com/media/Cf28x_gWEAEjGMp.jpg","media_url_https":"https://pbs.twimg.com/media/Cf28x_gWEAEjGMp.jpg","url":"https://t.co/0AnzUzKJkD","display_url":"pic.twitter.com/0AnzUzKJkD","expanded_url":"http://twitter.com/NonProphet_/status/719939085318688768/photo/1","type":"photo","sizes":{"thumb":{"w":150,"h":150,"resize":"crop"},"small":{"w":340,"h":246,"resize":"fit"},"medium":{"w":388,"h":281,"resize":"fit"},"large":{"w":388,"h":281,"resize":"fit"}}}]},"favorited":false,"retweeted":false,"possibly_sensitive":false,"filter_level":"low","lang":"en"},"is_quote_status":false,"retweet_count":0,"favorite_count":0,"entities":{"hashtags":[],"urls":[],"user_mentions":[{"screen_name":"NonProphet_","name":"Debatable","id":3192720511,"id_str":"3192720511","indices":[3,15]}],"symbols":[],"media":[{"id":719939082495856600,"id_str":"719939082495856641","indices":[31,54],"media_url":"http://pbs.twimg.com/media/Cf28x_gWEAEjGMp.jpg","media_url_https":"https://pbs.twimg.com/media/Cf28x_gWEAEjGMp.jpg","url":"https://t.co/0AnzUzKJkD","display_url":"pic.twitter.com/0AnzUzKJkD","expanded_url":"http://twitter.com/NonProphet_/status/719939085318688768/photo/1","type":"photo","sizes":{"thumb":{"w":150,"h":150,"resize":"crop"},"small":{"w":340,"h":246,"resize":"fit"},"medium":{"w":388,"h":281,"resize":"fit"},"large":{"w":388,"h":281,"resize":"fit"}},"source_status_id":719939085318688800,"source_status_id_str":"719939085318688768","source_user_id":3192720511,"source_user_id_str":"3192720511"}]},"extended_entities":{"media":[{"id":719939082495856600,"id_str":"719939082495856641","indices":[31,54],"media_url":"http://pbs.twimg.com/media/Cf28x_gWEAEjGMp.jpg","media_url_https":"https://pbs.twimg.com/media/Cf28x_gWEAEjGMp.jpg","url":"https://t.co/0AnzUzKJkD","display_url":"pic.twitter.com/0AnzUzKJkD","expanded_url":"http://twitter.com/NonProphet_/status/719939085318688768/photo/1","type":"photo","sizes":{"thumb":{"w":150,"h":150,"resize":"crop"},"small":{"w":340,"h":246,"resize":"fit"},"medium":{"w":388,"h":281,"resize":"fit"},"large":{"w":388,"h":281,"resize":"fit"}},"source_status_id":719939085318688800,"source_status_id_str":"719939085318688768","source_user_id":3192720511,"source_user_id_str":"3192720511"}]},"favorited":false,"retweeted":false,"possibly_sensitive":false,"filter_level":"low","lang":"en","timestamp_ms":"1460510814851"},{"created_at":"Wed Apr 13 01:26:54 +0000 2016","id":720060662894858200,"id_str":"720060662894858240","text":"@Smoooooooooove Twitter won't let me send my  gif but it's Spongebob saying \"awww\" lol","source":"<a href=\"http://twitter.com/download/android\" rel=\"nofollow\">Twitter for Android</a>","truncated":false,"in_reply_to_status_id":720059978648662000,"in_reply_to_status_id_str":"720059978648662016","in_reply_to_user_id":465323986,"in_reply_to_user_id_str":"465323986","in_reply_to_screen_name":"Smoooooooooove","user":{"id":3230205206,"id_str":"3230205206","name":"britt -","screen_name":"besalty","location":"Commerce, TX","url":null,"description":"20. #TAMUC. PR Major. IG: b.esalty","protected":false,"verified":false,"followers_count":221,"friends_count":266,"listed_count":0,"favourites_count":665,"statuses_count":8848,"created_at":"Sat May 30 00:53:07 +0000 2015","utc_offset":-25200,"time_zone":"Pacific Time (US & Canada)","geo_enabled":true,"lang":"en","contributors_enabled":false,"is_translator":false,"profile_background_color":"131516","profile_background_image_url":"http://abs.twimg.com/images/themes/theme14/bg.gif","profile_background_image_url_https":"https://abs.twimg.com/images/themes/theme14/bg.gif","profile_background_tile":true,"profile_link_color":"9266CC","profile_sidebar_border_color":"000000","profile_sidebar_fill_color":"000000","profile_text_color":"000000","profile_use_background_image":true,"profile_image_url":"http://pbs.twimg.com/profile_images/719246554935140352/hHuoGOEJ_normal.jpg","profile_image_url_https":"https://pbs.twimg.com/profile_images/719246554935140352/hHuoGOEJ_normal.jpg","profile_banner_url":"https://pbs.twimg.com/profile_banners/3230205206/1460322829","default_profile":false,"default_profile_image":false,"following":null,"follow_request_sent":null,"notifications":null},"geo":null,"coordinates":null,"place":null,"contributors":null,"is_quote_status":false,"retweet_count":0,"favorite_count":0,"entities":{"hashtags":[],"urls":[],"user_mentions":[{"screen_name":"Smoooooooooove","name":"Max Rockatansky","id":465323986,"id_str":"465323986","indices":[0,15]}],"symbols":[]},"favorited":false,"retweeted":false,"filter_level":"low","lang":"en","timestamp_ms":"1460510814771"},{"created_at":"Wed Apr 13 01:26:54 +0000 2016","id":720060663008227300,"id_str":"720060663008227328","text":"Drag me  https://t.co/ap4sWonb4Q","source":"<a href=\"http://twitter.com/download/iphone\" rel=\"nofollow\">Twitter for iPhone</a>","truncated":false,"in_reply_to_status_id":null,"in_reply_to_status_id_str":null,"in_reply_to_user_id":null,"in_reply_to_user_id_str":null,"in_reply_to_screen_name":null,"user":{"id":1727032964,"id_str":"1727032964","name":"Shan","screen_name":"KayyRxoxo","location":"IDK","url":null,"description":"My right boob is bigger than the left.","protected":false,"verified":false,"followers_count":159,"friends_count":98,"listed_count":3,"favourites_count":422,"statuses_count":20667,"created_at":"Wed Sep 04 00:16:32 +0000 2013","utc_offset":-14400,"time_zone":"Eastern Time (US & Canada)","geo_enabled":false,"lang":"en","contributors_enabled":false,"is_translator":false,"profile_background_color":"C0DEED","profile_background_image_url":"http://pbs.twimg.com/profile_background_images/378800000066368245/c305a4927505b1cf3483bfec3712d8ca.jpeg","profile_background_image_url_https":"https://pbs.twimg.com/profile_background_images/378800000066368245/c305a4927505b1cf3483bfec3712d8ca.jpeg","profile_background_tile":true,"profile_link_color":"ED1337","profile_sidebar_border_color":"000000","profile_sidebar_fill_color":"DDEEF6","profile_text_color":"333333","profile_use_background_image":true,"profile_image_url":"http://pbs.twimg.com/profile_images/714663289066758144/ebJfEWvx_normal.jpg","profile_image_url_https":"https://pbs.twimg.com/profile_images/714663289066758144/ebJfEWvx_normal.jpg","profile_banner_url":"https://pbs.twimg.com/profile_banners/1727032964/1460446761","default_profile":false,"default_profile_image":false,"following":null,"follow_request_sent":null,"notifications":null},"geo":null,"coordinates":null,"place":null,"contributors":null,"quoted_status_id":720060550412111900,"quoted_status_id_str":"720060550412111872","quoted_status":{"created_at":"Wed Apr 13 01:26:27 +0000 2016","id":720060550412111900,"id_str":"720060550412111872","text":"YESSSSSS!!! Lol  https://t.co/jNoI7hul7J","source":"<a href=\"http://twitter.com/download/iphone\" rel=\"nofollow\">Twitter for iPhone</a>","truncated":false,"in_reply_to_status_id":null,"in_reply_to_status_id_str":null,"in_reply_to_user_id":null,"in_reply_to_user_id_str":null,"in_reply_to_screen_name":null,"user":{"id":220795500,"id_str":"220795500","name":"Kee.","screen_name":"MrMouthAlmighty","location":null,"url":"http://Instagram.com/mrmouthalmighty","description":null,"protected":false,"verified":false,"followers_count":4735,"friends_count":1222,"listed_count":56,"favourites_count":4374,"statuses_count":235924,"created_at":"Sun Nov 28 21:18:36 +0000 2010","utc_offset":-18000,"time_zone":"Quito","geo_enabled":true,"lang":"en","contributors_enabled":false,"is_translator":false,"profile_background_color":"C0DEED","profile_background_image_url":"http://pbs.twimg.com/profile_background_images/453362789378039808/IyOYRmAs.jpeg","profile_background_image_url_https":"https://pbs.twimg.com/profile_background_images/453362789378039808/IyOYRmAs.jpeg","profile_background_tile":true,"profile_link_color":"000000","profile_sidebar_border_color":"FFFFFF","profile_sidebar_fill_color":"0987E8","profile_text_color":"FF0022","profile_use_background_image":true,"profile_image_url":"http://pbs.twimg.com/profile_images/716754665141051394/wwDuq6zq_normal.jpg","profile_image_url_https":"https://pbs.twimg.com/profile_images/716754665141051394/wwDuq6zq_normal.jpg","profile_banner_url":"https://pbs.twimg.com/profile_banners/220795500/1452666195","default_profile":false,"default_profile_image":false,"following":null,"follow_request_sent":null,"notifications":null},"geo":null,"coordinates":null,"place":null,"contributors":null,"quoted_status_id":720060167585415200,"quoted_status_id_str":"720060167585415168","is_quote_status":true,"retweet_count":0,"favorite_count":0,"entities":{"hashtags":[],"urls":[{"url":"https://t.co/jNoI7hul7J","expanded_url":"https://twitter.com/implicitrebel/status/720060167585415168","display_url":"twitter.com/implicitrebel/…","indices":[17,40]}],"user_mentions":[],"symbols":[]},"favorited":false,"retweeted":false,"possibly_sensitive":false,"filter_level":"low","lang":"en"},"is_quote_status":true,"retweet_count":0,"favorite_count":0,"entities":{"hashtags":[],"urls":[{"url":"https://t.co/ap4sWonb4Q","expanded_url":"https://twitter.com/mrmouthalmighty/status/720060550412111872","display_url":"twitter.com/mrmouthalmight…","indices":[9,32]}],"user_mentions":[],"symbols":[]},"favorited":false,"retweeted":false,"possibly_sensitive":false,"filter_level":"low","lang":"en","timestamp_ms":"1460510814798"},{"created_at":"Wed Apr 13 01:26:54 +0000 2016","id":720060663029043200,"id_str":"720060663029043201","text":"Man I hate this online time card lol idk if I did it right so hopefully I get paid LOL","source":"<a href=\"http://twitter.com/download/iphone\" rel=\"nofollow\">Twitter for iPhone</a>","truncated":false,"in_reply_to_status_id":null,"in_reply_to_status_id_str":null,"in_reply_to_user_id":null,"in_reply_to_user_id_str":null,"in_reply_to_screen_name":null,"user":{"id":337049201,"id_str":"337049201","name":"Malus","screen_name":"kickassmalia","location":"Honolulu, HI","url":null,"description":"I'm feeling pretty down so I gotta get high.","protected":false,"verified":false,"followers_count":277,"friends_count":227,"listed_count":1,"favourites_count":7498,"statuses_count":20175,"created_at":"Sun Jul 17 10:59:08 +0000 2011","utc_offset":-36000,"time_zone":"Hawaii","geo_enabled":true,"lang":"en","contributors_enabled":false,"is_translator":false,"profile_background_color":"000000","profile_background_image_url":"http://abs.twimg.com/images/themes/theme12/bg.gif","profile_background_image_url_https":"https://abs.twimg.com/images/themes/theme12/bg.gif","profile_background_tile":false,"profile_link_color":"F5ABB5","profile_sidebar_border_color":"000000","profile_sidebar_fill_color":"000000","profile_text_color":"000000","profile_use_background_image":false,"profile_image_url":"http://pbs.twimg.com/profile_images/717628136972636160/dvEbjoj6_normal.jpg","profile_image_url_https":"https://pbs.twimg.com/profile_images/717628136972636160/dvEbjoj6_normal.jpg","profile_banner_url":"https://pbs.twimg.com/profile_banners/337049201/1456523170","default_profile":false,"default_profile_image":false,"following":null,"follow_request_sent":null,"notifications":null},"geo":null,"coordinates":null,"place":{"id":"c47c0bc571bf5427","url":"https://api.twitter.com/1.1/geo/id/c47c0bc571bf5427.json","place_type":"city","name":"Honolulu","full_name":"Honolulu, HI","country_code":"US","country":"United States","bounding_box":{"type":"Polygon","coordinates":[[[-157.950476,21.254837],[-157.950476,21.38505],[-157.648702,21.38505],[-157.648702,21.254837]]]},"attributes":{}},"contributors":null,"is_quote_status":false,"retweet_count":0,"favorite_count":0,"entities":{"hashtags":[],"urls":[],"user_mentions":[],"symbols":[]},"favorited":false,"retweeted":false,"filter_level":"low","lang":"en","timestamp_ms":"1460510814803"}]