[{"created_at":"Thu Mar 10 00:13:05 +0000 2016","id":707720896077828100,"id_str":"707720896077828096","text":"@TweedBrewCo thanks 4the follow! #fingerlakesbeertrail #cayugalakewinetrail #iloveny #USA https://t.co/tsSkzYp67H","source":"<a href=\"http://twitter.com/download/android\" rel=\"nofollow\">Twitter for Android</a>","truncated":false,"in_reply_to_status_id":null,"in_reply_to_status_id_str":null,"in_reply_to_user_id":2670923936,"in_reply_to_user_id_str":"2670923936","in_reply_to_screen_name":"TweedBrewCo","user":{"id":1499068590,"id_str":"1499068590","name":"TheInnkeepers","screen_name":"looneytuna59","location":"Varick NY-Finger Lakes Region","url":"http://www.cayugamorningstar.com","description":"NYC born & raised/moved to Finger Lakes/Owner/Innkeeper Cayuga MorningStarB&B/Love wine beer great outdoors farm to table country music!","protected":false,"verified":false,"followers_count":413,"friends_count":2305,"listed_count":12,"favourites_count":381,"statuses_count":1168,"created_at":"Mon Jun 10 19:05:26 +0000 2013","utc_offset":null,"time_zone":null,"geo_enabled":true,"lang":"en","contributors_enabled":false,"is_translator":false,"profile_background_color":"C0DEED","profile_background_image_url":"http://abs.twimg.com/images/themes/theme1/bg.png","profile_background_image_url_https":"https://abs.twimg.com/images/themes/theme1/bg.png","profile_background_tile":false,"profile_link_color":"0084B4","profile_sidebar_border_color":"C0DEED","profile_sidebar_fill_color":"DDEEF6","profile_text_color":"333333","profile_use_background_image":true,"profile_image_url":"http://pbs.twimg.com/profile_images/682625012268953600/4iPmpT-Y_normal.jpg","profile_image_url_https":"https://pbs.twimg.com/profile_images/682625012268953600/4iPmpT-Y_normal.jpg","profile_banner_url":"https://pbs.twimg.com/profile_banners/1499068590/1410908263","default_profile":true,"default_profile_image":false,"following":null,"follow_request_sent":null,"notifications":null},"geo":null,"coordinates":null,"place":{"id":"94965b2c45386f87","url":"https://api.twitter.com/1.1/geo/id/94965b2c45386f87.json","place_type":"admin","name":"New York","full_name":"New York, USA","country_code":"US","country":"United States","bounding_box":{"type":"Polygon","coordinates":[[[-79.76259,40.477383],[-79.76259,45.015851],[-71.777492,45.015851],[-71.777492,40.477383]]]},"attributes":{}},"contributors":null,"is_quote_status":false,"retweet_count":0,"favorite_count":0,"entities":{"hashtags":[{"text":"fingerlakesbeertrail","indices":[33,54]},{"text":"cayugalakewinetrail","indices":[55,75]},{"text":"iloveny","indices":[76,84]},{"text":"USA","indices":[85,89]}],"urls":[{"url":"https://t.co/tsSkzYp67H","expanded_url":"http://www.Cayugamorningstar.com","display_url":"Cayugamorningstar.com","indices":[90,113]}],"user_mentions":[{"screen_name":"TweedBrewCo","name":"Tweed Brew Co","id":2670923936,"id_str":"2670923936","indices":[0,12]}],"symbols":[]},"favorited":false,"retweeted":false,"possibly_sensitive":false,"filter_level":"low","lang":"en","timestamp_ms":"1457568785100"},{"created_at":"Thu Mar 10 00:13:10 +0000 2016","id":707720917850284000,"id_str":"707720917850284032","text":"#diabetic #t1d Aquaponics Trade Magazine Lifetime Subscription: Aquaponics Trade Magazine… https://t.co/fd6G8qKnI3 #type1diabetes #diabetes","source":"<a href=\"http://dlvr.it\" rel=\"nofollow\">dlvr.it</a>","truncated":false,"in_reply_to_status_id":null,"in_reply_to_status_id_str":null,"in_reply_to_user_id":null,"in_reply_to_user_id_str":null,"in_reply_to_screen_name":null,"user":{"id":4835709563,"id_str":"4835709563","name":"James Wolter","screen_name":"Diabetes_Newzz","location":"United States","url":"http://bit.ly/diabeteshope","description":"Hi, James here, I focus on providing a comprehensive, supportive and independent experience for my twitter visitors around Diabetes and help for Diabetes.","protected":false,"verified":false,"followers_count":500,"friends_count":1658,"listed_count":27,"favourites_count":357,"statuses_count":11378,"created_at":"Fri Jan 22 17:18:32 +0000 2016","utc_offset":-28800,"time_zone":"Pacific Time (US & Canada)","geo_enabled":true,"lang":"en","contributors_enabled":false,"is_translator":false,"profile_background_color":"9AE4E8","profile_background_image_url":"http://abs.twimg.com/images/themes/theme16/bg.gif","profile_background_image_url_https":"https://abs.twimg.com/images/themes/theme16/bg.gif","profile_background_tile":false,"profile_link_color":"0084B4","profile_sidebar_border_color":"BDDCAD","profile_sidebar_fill_color":"DDFFCC","profile_text_color":"333333","profile_use_background_image":true,"profile_image_url":"http://pbs.twimg.com/profile_images/690584614402965504/qxlXHXkk_normal.png","profile_image_url_https":"https://pbs.twimg.com/profile_images/690584614402965504/qxlXHXkk_normal.png","profile_banner_url":"https://pbs.twimg.com/profile_banners/4835709563/1453487259","default_profile":false,"default_profile_image":false,"following":null,"follow_request_sent":null,"notifications":null},"geo":{"type":"Point","coordinates":[40.70640872,-73.99841309]},"coordinates":{"type":"Point","coordinates":[-73.99841309,40.70640872]},"place":{"id":"94965b2c45386f87","url":"https://api.twitter.com/1.1/geo/id/94965b2c45386f87.json","place_type":"admin","name":"New York","full_name":"New York, USA","country_code":"US","country":"United States","bounding_box":{"type":"Polygon","coordinates":[[[-79.76259,40.477383],[-79.76259,45.015851],[-71.777492,45.015851],[-71.777492,40.477383]]]},"attributes":{}},"contributors":null,"is_quote_status":false,"retweet_count":0,"favorite_count":0,"entities":{"hashtags":[{"text":"diabetic","indices":[0,9]},{"text":"t1d","indices":[10,14]},{"text":"type1diabetes","indices":[115,129]},{"text":"diabetes","indices":[130,139]}],"urls":[{"url":"https://t.co/fd6G8qKnI3","expanded_url":"http://dlvr.it/KktR96","display_url":"dlvr.it/KktR96","indices":[91,114]}],"user_mentions":[],"symbols":[]},"favorited":false,"retweeted":false,"possibly_sensitive":false,"filter_level":"low","lang":"en","timestamp_ms":"1457568790291"},{"created_at":"Thu Mar 10 00:13:11 +0000 2016","id":707720923772751900,"id_str":"707720923772751872","text":"Another all day and into the night maple syrup cooking. #creeksidemeadowsfarm \n#maplesyrup… https://t.co/Gb8zxHtdsA","source":"<a href=\"http://instagram.com\" rel=\"nofollow\">Instagram</a>","truncated":false,"in_reply_to_status_id":null,"in_reply_to_status_id_str":null,"in_reply_to_user_id":null,"in_reply_to_user_id_str":null,"in_reply_to_screen_name":null,"user":{"id":2510266226,"id_str":"2510266226","name":"CreeksideMeadowsFarm","screen_name":"GrazingFarm","location":null,"url":null,"description":"A diversified family farm raising Grassfed Beef, Pasture Raised Pork, Chicken, Turkey, Vegetables, Maple Syrup","protected":false,"verified":false,"followers_count":77,"friends_count":167,"listed_count":0,"favourites_count":2,"statuses_count":15,"created_at":"Tue May 20 12:30:24 +0000 2014","utc_offset":null,"time_zone":null,"geo_enabled":true,"lang":"en","contributors_enabled":false,"is_translator":false,"profile_background_color":"C0DEED","profile_background_image_url":"http://abs.twimg.com/images/themes/theme1/bg.png","profile_background_image_url_https":"https://abs.twimg.com/images/themes/theme1/bg.png","profile_background_tile":false,"profile_link_color":"0084B4","profile_sidebar_border_color":"C0DEED","profile_sidebar_fill_color":"DDEEF6","profile_text_color":"333333","profile_use_background_image":true,"profile_image_url":"http://pbs.twimg.com/profile_images/468733059378860032/R1Kf7Zfd_normal.jpeg","profile_image_url_https":"https://pbs.twimg.com/profile_images/468733059378860032/R1Kf7Zfd_normal.jpeg","default_profile":true,"default_profile_image":false,"following":null,"follow_request_sent":null,"notifications":null},"geo":{"type":"Point","coordinates":[42.83012855,-75.89002331]},"coordinates":{"type":"Point","coordinates":[-75.89002331,42.83012855]},"place":{"id":"94965b2c45386f87","url":"https://api.twitter.com/1.1/geo/id/94965b2c45386f87.json","place_type":"admin","name":"New York","full_name":"New York, USA","country_code":"US","country":"United States","bounding_box":{"type":"Polygon","coordinates":[[[-79.76259,40.477383],[-79.76259,45.015851],[-71.777492,45.015851],[-71.777492,40.477383]]]},"attributes":{}},"contributors":null,"is_quote_status":false,"retweet_count":0,"favorite_count":0,"entities":{"hashtags":[{"text":"creeksidemeadowsfarm","indices":[56,77]},{"text":"maplesyrup","indices":[79,90]}],"urls":[{"url":"https://t.co/Gb8zxHtdsA","expanded_url":"https://www.instagram.com/p/BCwIFFZEvca/","display_url":"instagram.com/p/BCwIFFZEvca/","indices":[92,115]}],"user_mentions":[],"symbols":[]},"favorited":false,"retweeted":false,"possibly_sensitive":false,"filter_level":"low","lang":"en","timestamp_ms":"1457568791703"},{"created_at":"Thu Mar 10 00:13:13 +0000 2016","id":707720930449948700,"id_str":"707720930449948672","text":"#diabetic #t1d Sustainable Lifestyle Design: Sustainable Lifestyle Design How To Not Screw… https://t.co/qRYC9rtrjh #type1diabetes #diabetes","source":"<a href=\"http://dlvr.it\" rel=\"nofollow\">dlvr.it</a>","truncated":false,"in_reply_to_status_id":null,"in_reply_to_status_id_str":null,"in_reply_to_user_id":null,"in_reply_to_user_id_str":null,"in_reply_to_screen_name":null,"user":{"id":4835709563,"id_str":"4835709563","name":"James Wolter","screen_name":"Diabetes_Newzz","location":"United States","url":"http://bit.ly/diabeteshope","description":"Hi, James here, I focus on providing a comprehensive, supportive and independent experience for my twitter visitors around Diabetes and help for Diabetes.","protected":false,"verified":false,"followers_count":500,"friends_count":1658,"listed_count":27,"favourites_count":357,"statuses_count":11379,"created_at":"Fri Jan 22 17:18:32 +0000 2016","utc_offset":-28800,"time_zone":"Pacific Time (US & Canada)","geo_enabled":true,"lang":"en","contributors_enabled":false,"is_translator":false,"profile_background_color":"9AE4E8","profile_background_image_url":"http://abs.twimg.com/images/themes/theme16/bg.gif","profile_background_image_url_https":"https://abs.twimg.com/images/themes/theme16/bg.gif","profile_background_tile":false,"profile_link_color":"0084B4","profile_sidebar_border_color":"BDDCAD","profile_sidebar_fill_color":"DDFFCC","profile_text_color":"333333","profile_use_background_image":true,"profile_image_url":"http://pbs.twimg.com/profile_images/690584614402965504/qxlXHXkk_normal.png","profile_image_url_https":"https://pbs.twimg.com/profile_images/690584614402965504/qxlXHXkk_normal.png","profile_banner_url":"https://pbs.twimg.com/profile_banners/4835709563/1453487259","default_profile":false,"default_profile_image":false,"following":null,"follow_request_sent":null,"notifications":null},"geo":{"type":"Point","coordinates":[40.70640872,-73.99841309]},"coordinates":{"type":"Point","coordinates":[-73.99841309,40.70640872]},"place":{"id":"94965b2c45386f87","url":"https://api.twitter.com/1.1/geo/id/94965b2c45386f87.json","place_type":"admin","name":"New York","full_name":"New York, USA","country_code":"US","country":"United States","bounding_box":{"type":"Polygon","coordinates":[[[-79.76259,40.477383],[-79.76259,45.015851],[-71.777492,45.015851],[-71.777492,40.477383]]]},"attributes":{}},"contributors":null,"is_quote_status":false,"retweet_count":0,"favorite_count":0,"entities":{"hashtags":[{"text":"diabetic","indices":[0,9]},{"text":"t1d","indices":[10,14]},{"text":"type1diabetes","indices":[116,130]},{"text":"diabetes","indices":[131,140]}],"urls":[{"url":"https://t.co/qRYC9rtrjh","expanded_url":"http://dlvr.it/KktRP7","display_url":"dlvr.it/KktRP7","indices":[92,115]}],"user_mentions":[],"symbols":[]},"favorited":false,"retweeted":false,"possibly_sensitive":false,"filter_level":"low","lang":"en","timestamp_ms":"1457568793295"},{"created_at":"Thu Mar 10 00:13:16 +0000 2016","id":707720942252720100,"id_str":"707720942252720128","text":"#diabetic #t1d New Video Guide On How To Build A Geothermal Heat Pump: New Video Guide On… https://t.co/aByUUm2AzN #type1diabetes #diabetes","source":"<a href=\"http://dlvr.it\" rel=\"nofollow\">dlvr.it</a>","truncated":false,"in_reply_to_status_id":null,"in_reply_to_status_id_str":null,"in_reply_to_user_id":null,"in_reply_to_user_id_str":null,"in_reply_to_screen_name":null,"user":{"id":4835709563,"id_str":"4835709563","name":"James Wolter","screen_name":"Diabetes_Newzz","location":"United States","url":"http://bit.ly/diabeteshope","description":"Hi, James here, I focus on providing a comprehensive, supportive and independent experience for my twitter visitors around Diabetes and help for Diabetes.","protected":false,"verified":false,"followers_count":500,"friends_count":1658,"listed_count":27,"favourites_count":357,"statuses_count":11380,"created_at":"Fri Jan 22 17:18:32 +0000 2016","utc_offset":-28800,"time_zone":"Pacific Time (US & Canada)","geo_enabled":true,"lang":"en","contributors_enabled":false,"is_translator":false,"profile_background_color":"9AE4E8","profile_background_image_url":"http://abs.twimg.com/images/themes/theme16/bg.gif","profile_background_image_url_https":"https://abs.twimg.com/images/themes/theme16/bg.gif","profile_background_tile":false,"profile_link_color":"0084B4","profile_sidebar_border_color":"BDDCAD","profile_sidebar_fill_color":"DDFFCC","profile_text_color":"333333","profile_use_background_image":true,"profile_image_url":"http://pbs.twimg.com/profile_images/690584614402965504/qxlXHXkk_normal.png","profile_image_url_https":"https://pbs.twimg.com/profile_images/690584614402965504/qxlXHXkk_normal.png","profile_banner_url":"https://pbs.twimg.com/profile_banners/4835709563/1453487259","default_profile":false,"default_profile_image":false,"following":null,"follow_request_sent":null,"notifications":null},"geo":{"type":"Point","coordinates":[40.70640872,-73.99841309]},"coordinates":{"type":"Point","coordinates":[-73.99841309,40.70640872]},"place":{"id":"94965b2c45386f87","url":"https://api.twitter.com/1.1/geo/id/94965b2c45386f87.json","place_type":"admin","name":"New York","full_name":"New York, USA","country_code":"US","country":"United States","bounding_box":{"type":"Polygon","coordinates":[[[-79.76259,40.477383],[-79.76259,45.015851],[-71.777492,45.015851],[-71.777492,40.477383]]]},"attributes":{}},"contributors":null,"is_quote_status":false,"retweet_count":0,"favorite_count":0,"entities":{"hashtags":[{"text":"diabetic","indices":[0,9]},{"text":"t1d","indices":[10,14]},{"text":"type1diabetes","indices":[115,129]},{"text":"diabetes","indices":[130,139]}],"urls":[{"url":"https://t.co/aByUUm2AzN","expanded_url":"http://dlvr.it/KktRgz","display_url":"dlvr.it/KktRgz","indices":[91,114]}],"user_mentions":[],"symbols":[]},"favorited":false,"retweeted":false,"possibly_sensitive":false,"filter_level":"low","lang":"en","timestamp_ms":"1457568796109"}]